val_auc,accuracy,precision,recall,f1_score,inference_time_ms
0.9920005203232575,0.9662406144322806,0.9720849084036057,0.9439503035436961,0.9578110450540792,3.9946389198303223
