{
    "training_history": {
        "train_loss": [
            0.27842558757274266,
            0.22230421454595317,
            0.20550230946163348,
            0.18864752273660265,
            0.1748874885427447,
            0.1669425035721487,
            0.1617832735639386,
            0.15507007892119154,
            0.15010234367886877,
            0.1436769833004545,
            0.1464935363116497,
            0.14480343349972846,
            0.13932252791147787,
            0.13075736343188082,
            0.1283383933789182,
            0.124289755596438,
            0.1230260339803458,
            0.13600241918148348,
            0.11832689778820138,
            0.11974720717391062
        ],
        "train_auc": [
            0.9489916414591061,
            0.9668097140670708,
            0.9722659576360217,
            0.975938787364975,
            0.9790897361966887,
            0.9808571328183888,
            0.9819679486124293,
            0.9837487847050613,
            0.9845384273179828,
            0.9857390312817549,
            0.986185775735448,
            0.9860897414587952,
            0.986997429479958,
            0.9881087067939092,
            0.9885920797279887,
            0.9891946191628554,
            0.9894960250676327,
            0.9875365804912235,
            0.9903728176989273,
            0.9903779571879923
        ],
        "val_loss": [
            0.28075172415244404,
            0.20538705593878476,
            0.23943834536176448,
            0.16467366715480106,
            0.17799740028242864,
            0.22894723233604392,
            0.14848274430024108,
            0.13350232219804462,
            0.14038696662252056,
            0.1728521127269003,
            0.13344731506230273,
            0.13773432779470546,
            0.12825352321679434,
            0.12823014787234463,
            0.12891580091589427,
            0.11403136859722701,
            0.14928045852367525,
            0.1076901365134029,
            0.10031641729892375,
            0.11260765371639538
        ],
        "val_auc": [
            0.9528186122376687,
            0.9717955593118826,
            0.9766261525366823,
            0.9844323117137372,
            0.983304227706409,
            0.9688504532295418,
            0.9859325087521562,
            0.9881364498984069,
            0.9880717272165683,
            0.9875833277278291,
            0.9879298314567592,
            0.9905834069113797,
            0.9895195157173776,
            0.989160712983319,
            0.9888115901900277,
            0.9907433666457328,
            0.9864023386203997,
            0.9917680960149359,
            0.9926260197486053,
            0.9916545134006108
        ],
        "epochs": [
            1,
            2,
            3,
            4,
            5,
            6,
            7,
            8,
            9,
            10,
            11,
            12,
            13,
            14,
            15,
            16,
            17,
            18,
            19,
            20
        ],
        "best_epoch": 19,
        "best_val_auc": 0.9926260197486053,
        "training_time": 579.8987159729004
    },
    "test_metrics": {
        "test_loss": 0.09642432269982026,
        "test_auc": 0.9932582107803035,
        "inference_time": 4.331222772598267
    },
    "timestamp": "2025-05-20 14:48:46"
}