{
    "kappa": 0.898437773378491,
    "accuracy": 0.8315629742033384,
    "confusion_matrix": [
        [
            314,
            12,
            0,
            0,
            0
        ],
        [
            4,
            41,
            22,
            0,
            1
        ],
        [
            0,
            14,
            157,
            6,
            2
        ],
        [
            0,
            1,
            14,
            11,
            9
        ],
        [
            0,
            2,
            21,
            3,
            25
        ]
    ]
}