{"train_loss": [0.9202498376301641, 0.6778585649574562, 0.5650237605261174, 0.507106532022634, 0.46788814019769354, 0.4230433005146394, 0.3962883380632452, 0.379747033194059, 0.37541553483373585, 0.3520329834806167], "val_loss": [0.7092625627319621, 0.6242740232390048, 0.5800032767923676, 0.5282930647127602, 0.5546016205916229, 0.4901114830772685, 0.49666671851813815, 0.47809130929047255, 0.4833530075819838, 0.5926300394528988], "train_kappa": [0.5779849944781131, 0.7637118649829735, 0.823403961822073, 0.8518722115835076, 0.8778446270768537, 0.8958045824657233, 0.8989584672169006, 0.9032700596324028, 0.9069687067099919, 0.9202188791450018], "val_kappa": [0.7609774766351076, 0.7927427868084118, 0.8654607395770996, 0.8620444527293076, 0.8850516278501167, 0.8814232805026165, 0.8814576031105328, 0.8911833367214316, 0.898437773378491, 0.8931096205217127]}